ID,FirstName,LastName,Email
38471295,James,Smith,james.smith@gmail.com
56782340,Emily,Jones,emily.jones@gmail.com
92834561,Michael,Williams,michael.williams@gmail.com
12345678,Sophia,Brown,sophia.brown@gmail.com
87654321,William,Davis,william.davis@gmail.com
23456789,Olivia,Miller,olivia.miller@gmail.com
34567890,Benjamin,Wilson,benjamin.wilson@gmail.com
45678901,Ava,Taylor,ava.taylor@gmail.com
98765432,Ethan,Anderson,ethan.anderson@gmail.com
56789012,Isabella,Thomas,isabella.thomas@gmail.com
67890123,Alexander,Jackson,alexander.jackson@gmail.com
78901234,Mia,White,mia.white@gmail.com
89012345,Daniel,Harris,daniel.harris@gmail.com
90123456,Charlotte,Martin,charlotte.martin@gmail.com
10293847,Henry,Garcia,henry.garcia@gmail.com
11223344,Amelia,Martinez,amelia.martinez@gmail.com
22334455,Jacob,Robinson,jacob.robinson@gmail.com
33445566,Harper,Clark,harper.clark@gmail.com
44556677,Matthew,Rodriguez,matthew.rodriguez@gmail.com
55667788,Abigail,Lewis,abigail.lewis@gmail.com
66778899,Logan,Lee,logan.lee@gmail.com
77889900,Ella,Walker,ella.walker@gmail.com
88990011,David,Hall,david.hall@gmail.com
99001122,Scarlett,Allen,scarlett.allen@gmail.com
10101010,Lucas,Young,lucas.young@gmail.com
12121212,Chloe,King,chloe.king@gmail.com
13131313,Jackson,Wright,jackson.wright@gmail.com
14141414,Lily,Scott,lily.scott@gmail.com
15151515,Samuel,Green,samuel.green@gmail.com
16161616,Zoey,Baker,zoey.baker@gmail.com