ID,FirstName,LastName,Email
28463719,Emma,Watson,emma.watson@gmail.com
39574820,Owen,Hughes,owen.hughes@gmail.com
40685931,Scarlet,Bennett,scarlet.bennett@gmail.com
51796042,Gavin,Patterson,gavin.patterson@gmail.com
62807153,Paisley,Simmons,paisley.simmons@gmail.com
73918264,Caleb,Foster,caleb.foster@gmail.com
84029375,Hazel,Henderson,hazel.henderson@gmail.com
95130486,Eli,Russell,eli.russell@gmail.com
06241597,Aria,Griffin,aria.griffin@gmail.com
17352608,Landon,Diaz,landon.diaz@gmail.com
28463719,Mila,Hayes,mila.hayes@gmail.com
39574820,Nora,Myers,nora.myers@gmail.com
40685931,Hudson,Ford,hudson.ford@gmail.com
51796042,Elena,Hamilton,elena.hamilton@gmail.com
62807153,Maxwell,Graham,maxwell.graham@gmail.com
73918264,Luna,Sullivan,luna.sullivan@gmail.com
84029375,Asher,Walters,asher.walters@gmail.com
95130486,Sadie,Stone,sadie.stone@gmail.com
06241597,Leo,Brooks,leo.brooks@gmail.com
17352608,Violet,Woods,violet.woods@gmail.com
28463719,Jaxon,Barnes,jaxon.barnes@gmail.com
39574820,Penelope,Ross,penelope.ross@gmail.com
40685931,Wyatt,Long,wyatt.long@gmail.com
51796042,Clara,Fisher,clara.fisher@gmail.com
62807153,Theodore,Reed,theodore.reed@gmail.com
73918264,Skyler,West,skyler.west@gmail.com
84029375,Gianna,Lynch,gianna.lynch@gmail.com
95130486,Josiah,Ryan,josiah.ryan@gmail.com
06241597,Isla,Webb,isla.webb@gmail.com
17352608,Kai,Dean,kai.dean@gmail.com