ID,FirstName,LastName,Email
24681357,Grace,Adams,grace.adams@gmail.com
13579246,Noah,Nelson,noah.nelson@gmail.com
86420913,Zoe,Carter,zoe.carter@gmail.com
75319082,Elijah,Mitchell,elijah.mitchell@gmail.com
64208135,Avery,Perez,avery.perez@gmail.com
53197246,Evelyn,Roberts,evelyn.roberts@gmail.com
42086357,Liam,Turner,liam.turner@gmail.com
31975468,Victoria,Phillips,victoria.phillips@gmail.com
20864579,Nathan,Campbell,nathan.campbell@gmail.com
19753680,Hannah,Parker,hannah.parker@gmail.com
18642791,Christopher,Evans,christopher.evans@gmail.com
17531802,Addison,Edwards,addison.edwards@gmail.com
16420913,Andrew,Collins,andrew.collins@gmail.com
15319024,Samantha,Stewart,samantha.stewart@gmail.com
14208135,Dylan,Sanchez,dylan.sanchez@gmail.com
13197246,Layla,Morris,layla.morris@gmail.com
12086357,Isaac,Rogers,isaac.rogers@gmail.com
11975468,Aubrey,Reed,aubrey.reed@gmail.com
11864579,Julian,Cook,julian.cook@gmail.com
11753680,Bella,Morgan,bella.morgan@gmail.com
11642791,Levi,Bell,levi.bell@gmail.com
11531802,Natalie,Murphy,natalie.murphy@gmail.com
11420913,Gabriel,Bailey,gabriel.bailey@gmail.com
11319024,Stella,Rivera,stella.rivera@gmail.com
11208135,David,Cooper,david.cooper@gmail.com
11197246,Claire,Richardson,claire.richardson@gmail.com
11086357,Luke,Cox,luke.cox@gmail.com
10975468,Ariana,Howard,ariana.howard@gmail.com
10864579,Isaiah,Ward,isaiah.ward@gmail.com
10753680,Savannah,Torres,savannah.torres@gmail.com